review_id,review_text,platform,quality,service,price,decoration
1,"প্রোডাক্টের কোয়ালিটি চমৎকার এবং কাপড়ের মান অনেক ভালো।",Daraz,Positive,Neutral,Neutral,Positive
2,"ডেলিভারি সার্ভিস খুব বাজে ছিল, ৭ দিন পর পার্সেল পেয়েছি।",Daraz,Neutral,Negative,Neutral,Neutral
3,"জিনিসটা দেখতে সুন্দর কিন্তু দাম অনেক বেশি রাখা হয়েছে।",Rokomari,Positive,Neutral,Negative,Positive
4,"প্যাকেজিং এবং ডিজাইন খুব সুন্দর ছিল, দামটাও সাধ্যের মধ্যে।",Facebook,Positive,Positive,Positive,Positive
5,"একদম বাজে কোয়ালিটি, ছবির সাথে কোনো মিল নেই। টাকা নষ্ট।",Daraz,Negative,Neutral,Negative,Negative
6,"সেলার খুব আন্তরিক ছিলেন এবং সময়মতো ডেলিভারি দিয়েছেন।",Shajgoj,Neutral,Positive,Neutral,Neutral
7,"প্রোডাক্ট ঠিকঠাক আছে, তবে অসাধারণ কিছু না। সাধারণ মানের।",Daraz,Neutral,Neutral,Neutral,Neutral
8,"কালার এবং ফিনিশিং অনেক সুন্দর হয়েছে, ব্যবহারের অভিজ্ঞতা ভালো।",Facebook,Positive,Neutral,Positive,Positive
9,"সার্ভিস ভালো পেলেও পণ্যের সাইজ এবং কোয়ালিটি ঠিক ছিল না।",Daraz,Negative,Positive,Neutral,Negative
10,"দাম অনুযায়ী কোয়ালিটি মোটামুটি ভালোই বলা চলে।",Rokomari,Positive,Neutral,Positive,Neutral
11,"অর্ডার করেছিলাম নীল কালার, দিয়েছে লাল কালার! রিটার্নও নিচ্ছে না।",Daraz,Negative,Negative,Neutral,Negative
12,"খুব দ্রুত ডেলিভারি পেলাম, প্যাকেজিংও ভালো ছিল।",Shajgoj,Positive,Positive,Neutral,Positive
